Item #,Ref Des,Qty,Value,Package,Description,Manufacturer,MPN,Category,Notes
1,U1,1,SD93F115B-JQS,LQFP100 14x14 0.5mm,"32-bit MCU SoC: 18/20-bit SD-ADC+PGIA, LCD driver 4COMx44SEG, RTC, UART/I2C/SPI",SDIC (晶華微),SD93F115B-JQS,IC,LQFP100 chosen for 4COM x 39 usable SEG + charge pump (see docs)
2,U2,1,TP4054,SOT-23-5,"1S Li-ion linear charger, 500 mA (R18=2k)",TOPPOWER / equiv. LTC4054,TP4054,IC,"Pinout = LTC4054: 1 CHRG,2 GND,3 BAT,4 VCC,5 PROG"
3,"U3, U4",2,XC6206P332MR,SOT-23,3.3 V 200 mA low-Iq LDO. U3 = system rail VDD (from battery); U4 = USB-UART bridge rail (from VBUS),Torex,XC6206P332MR,IC,3-pin SOT-23: verify pin order against the vendor datasheet. Do not use a 40 uA-Iq LDO as U3 (sleep current)
4,U5,1,CH340N,SOP-8,"USB to UART bridge, no crystal, VCC=V3=3.3 V",WCH (沁恆),CH340N,IC,Verify SOP-8 pin numbers against CH340N datasheet before layout
5,U6,1,AT24CM01-SSHD-T,SOIC-8,1 Mbit (128 KB) I2C EEPROM - stand-alone log memory,Microchip,AT24CM01-SSHD-T,IC,"A1,A2 and WP tied to GND, A0 NC; 24C512 is a drop-in if cost matters"
6,U7,1,USBLC6-2SC6,SOT-23-6,USB D+/D- ESD protection,STMicroelectronics,USBLC6-2SC6,IC,
7,F1,1,PTC 0.5 A hold,1206,Resettable fuse on VBUS,Bourns,MF-NSMF050-2,Discrete,
8,Q1,1,MMBT3904,SOT-23,"NPN, LCD backlight switch (optional)",onsemi,MMBT3904,Discrete,
9,"C1, C2, C3, C4",4,100 nF X7R,0603,TC input filter (K+ node to ACM),Generic,-,Passive,
10,"C5, C6",2,100 nF X7R,0603,CJC network filter (across R14 / across RT1),Generic,-,Passive,
11,C7,1,100 nF X7R,0603,ACM to GND (vendor reference C9),Generic,-,Passive,
12,C8,1,100 nF X7R,0603,VBAT sense filter,Generic,-,Passive,
13,C9,1,1 µF X7R,0603,VDD bulk at U1 pin 8,Generic,-,Passive,
14,C10,1,100 nF X7R,0603,VDD HF decoupling at U1,Generic,-,Passive,
15,C11,1,100 nF X7R,0603,AVDDR filter (pin 9) to AVSS,Generic,-,Passive,
16,C12,1,100 nF X7R,0603,ACM 1.2 V reference filter (pin 10) to AVSS,Generic,-,Passive,
17,C13,1,1 µF X7R,0603,DVDDR (pin 62) to DVSS,Generic,-,Passive,Vendor ref uses 1 uF; datasheet text says >= 0.1 uF
18,C14,1,1 µF X7R,0603,VLCD (pin 3) to VDD,Generic,-,Passive,
19,C15,1,100 nF X7R,0603,"LCD charge pump flying cap, CN (pin 1) - CP (pin 2)",Generic,-,Passive,
20,C16,1,100 nF X7R,0603,RST_B filter,Generic,-,Passive,
21,C17,1,1 µF X7R 10V,0603,TP4054 VCC input,Generic,-,Passive,
22,C18,1,4.7 µF X5R 10V,0805,TP4054 BAT output,Generic,-,Passive,
23,C19,1,1 µF X7R 10V,0603,U3 input,Generic,-,Passive,
24,C20,1,10 µF X5R 10V,0805,U3 output / VDD bulk,Generic,-,Passive,
25,"C21, C22",2,1 µF X7R 10V,0603,U4 input / output,Generic,-,Passive,
26,C23,1,100 nF X7R,0603,CH340N VCC decoupling,Generic,-,Passive,
27,"C24, C25, C26, C27, C28",5,100 nF X7R,0603,Key debounce / ESD,Generic,-,Passive,
28,"C29, C30",2,18 pF C0G,0603,32.768 kHz crystal load capacitors,Generic,-,Passive,Re-tune for the layout: CL = C/2 + Cstray = 12.5 pF
29,C31,1,100 nF X7R,0603,U6 decoupling,Generic,-,Passive,
30,"R1, R4, R7, R10",4,22 MΩ 1%,1206,TC bias pull-up to AVDDR (open-TC detect),Generic,-,Passive,"High-value: clean flux, no leakage path. >= 200 V rated"
31,"R2, R5, R8, R11",4,5.1 MΩ 1%,0805,TC bias pull-down to ACM (open-TC detect),Generic,-,Passive,Open-circuit node = ACM + 339 mV at AVDDR=3.0 V
32,"R3, R6, R9, R12",4,1 kΩ 1%,0603,TC input series resistor (RC filter),Generic,-,Passive,
33,R13,1,300 kΩ 1%,0603,CJC NTC network: current-setting resistor,Generic,-,Passive,Value cancels out in the ratiometric calculation
34,R14,1,10 kΩ 0.1% 25ppm,0603,CJC NTC network: ratiometric reference,Generic,-,Passive,Precision part: sets CJC accuracy
35,"R15, R16",2,470 kΩ 1%,0603,VBAT sense divider (1/2),Generic,-,Passive,4.5 uA drain at 4.2 V
36,R17,1,10 kΩ,0603,RST_B pull-up,Generic,-,Passive,
37,R18,1,2.0 kΩ 1%,0603,TP4054 PROG: sets 500 mA charge current,Generic,-,Passive,Use 4k for 250 mA if the cell is < 500 mAh
38,R19,1,100 kΩ,0603,USB_DET divider (top),Generic,-,Passive,
39,R20,1,120 kΩ,0603,USB_DET divider (bottom),Generic,-,Passive,VBUS 4.5 V -> 2.45 V (> VIH 2.31 V)
40,"R21, R22",2,5.1 kΩ 1%,0603,USB-C CC1 / CC2 pull-downs,Generic,-,Passive,
41,R23,1,10 kΩ,0603,UART1 TXD1 -> CH340N RXD series (limits back-power),Generic,-,Passive,Firmware must tri-state TXD1 when USB_DET = 0
42,R24,1,1 kΩ,0603,UART1 RXD1 <- CH340N TXD series,Generic,-,Passive,
43,R25,1,10 kΩ,0603,BOOT pull-up (DNP until polarity confirmed),Generic,-,Passive,DNP
44,"R26, R27",2,4.7 kΩ,0603,I2C SDA / SCL pull-ups,Generic,-,Passive,
45,R28,1,1 kΩ,0603,Backlight transistor base resistor,Generic,-,Passive,
46,R29,1,per LED,0603,Backlight LED current-limit resistor,Generic,-,Passive,Calculate from LED Vf / If; fed from VBAT_SW
47,R30,1,100 kΩ,0603,Backlight base pull-down,Generic,-,Passive,
48,RT1,1,NTC 10 kΩ 1% B3380,0603,Cold-junction sensor,Murata,NCP18XH103F03RB,Passive,"Place at the thermocouple jacks (isothermal with J1-J4), away from U3/U1"
49,Y1,1,32.768 kHz 12.5 pF,3215,RTC crystal on XIN1/XOUT1 (P00/P01),Epson / equiv.,FC-135 or equivalent,Crystal,+-20 ppm
50,"J1, J2, J3, J4",4,K-type mini socket,PCB / panel,"Miniature thermocouple jack, ANSI yellow, flat-pin (K)",Omega / equiv.,SMPW-K-F (or equivalent),Connector,"Pin 1 = K+ (chromel, yellow-labelled +), pin 2 = K- (alumel). Metal body away from heat sources"
51,J5,1,USB Type-C 16P,SMD,"USB 2.0 Type-C receptacle, 16-pin",HRO / equiv.,TYPE-C-31-M-12,Connector,CC1/CC2 5.1k pull-downs fitted
52,J6,1,JST PH 2P,THT/SMD,Battery connector (1S Li-ion/LiPo with protection PCM),JST,B2B-PH-K-S,Connector,"Red = +, black = -. Pack MUST have a protection circuit"
53,J7,1,FPC 43P 0.5mm,SMD,LCD interface (4 COM + 39 SEG) - match to custom glass,Generic,-,Connector,"Or zebra / pin header, depends on glass vendor"
54,J8,1,2P 1.25mm,SMD,LCD backlight LED connector (optional),Generic,-,Connector,DNP if no backlight
55,P2,1,1x5 pad/header,2.54mm,"ISP UART: 3V3, BOOT, RXD1, TXD1, GND (vendor ref P2)",Generic,-,Connector,Not needed in normal use - firmware can be loaded through the Type-C bridge
56,P3,1,1x5 pad/header,2.54mm,"SWD debug: 3V3, TCK, TMS, BOOT, GND (vendor ref P3)",Generic,-,Connector,
57,P4,1,1x4 header,2.54mm,"UART0 expansion: 3V3, TXD0, RXD0, GND (BT/WiFi module etc.)",Generic,-,Connector,DNP / optional
58,BZ1,1,Piezo 4 kHz,12 mm,"Passive piezo buzzer, driven differentially by BUZ0/BUZB0",Generic,-,Electromech,No driver transistor needed
59,"SW1, SW2, SW3, SW4, SW5",5,Tact switch,SMD 6x6 / 3x4,"Front-panel keys: POWER/BL, MODE, HOLD, MAX/MIN, LOG",Generic,-,Electromech,
60,SW6,1,Tact switch,SMD 3x4,Hardware reset,Generic,-,Electromech,
61,SW7,1,SPDT slide switch,SMD,"Battery on/off (isolates load, charger still works)",Generic,-,Electromech,
62,SW8,1,Tact switch,SMD 3x4,BOOT select (ISP) - optional,Generic,-,Electromech,DNP until BOOT polarity is confirmed with SDIC
